id;deleted;insert_by;insert_date;edit_by;edit_date;user_id;value;field
1;true;abacus;2024-12-22T04:23:43;pulse incidentally partridge;2024-12-22T04:48:42;soliloquy;foolishly parallel;regarding
2;true;about circa finally;2024-12-22T11:02:44;yearly ha;2024-12-22T01:21:18;atop;after;afore
3;false;joyful;2024-12-22T07:54:13;deduce better lid;2024-12-22T13:10:09;times emerge;awkwardly abaft phooey;hence
4;true;while but;2024-12-22T00:22:12;whereas fund;2024-12-21T20:31:12;failing usefully;chainstay merrily;finally
5;true;hourly separately voluntarily;2024-12-22T02:55:56;prime ha proud;2024-12-21T22:44:55;only whereas;geez;lest elegantly
6;true;sniff joy unlike;2024-12-21T20:10:33;if feather;2024-12-22T13:49:23;whether strictly;apropos;atrium even misreport
7;true;finally airman athwart;2024-12-21T21:35:22;but;2024-12-22T04:01:47;knowingly;once unripe who;down direct
8;false;pulse;2024-12-22T08:54:50;gad;2024-12-21T19:52:47;without meaty once;queasily;toothpick norm smarten
9;false;and rosin;2024-12-22T06:19:31;worth accompany;2024-12-22T00:20:00;eulogise;meanwhile exotic;scrutinise
10;true;lonely emulsify;2024-12-22T04:21:06;minus meaningfully relaunch;2024-12-22T14:55:28;angle cannibalise anti;vainly;reapply meh
