id;deleted;insert_by;insert_date;edit_by;edit_date;name;description;order_number;track_id
1;false;linseed;2024-12-16T07:25:31;via split;2024-12-17T00:10:11;yuck over which;pfft gerbil;28300;1
2;false;pine brisk upright;2024-12-16T06:27:59;fervently whenever;2024-12-16T20:32:42;upside-down;of now;15893;2
3;true;than;2024-12-16T05:28:44;longingly;2024-12-16T04:56:29;both ick;upon captain scowl;27560;3
4;true;despite;2024-12-16T15:55:26;sidetrack pendant coolly;2024-12-16T07:37:25;upward;management urgently overburden;3717;4
5;true;aha into;2024-12-16T22:07:05;furthermore moralise;2024-12-16T05:15:35;yet boohoo nor;helplessly;14139;5
6;false;procrastinate as;2024-12-16T01:13:37;bookend mechanic sick;2024-12-16T22:39:09;stall reckon;nor;3200;6
7;true;punctual shakily exactly;2024-12-16T15:31:33;bah;2024-12-16T01:37:53;focused phooey knavishly;gadzooks foodstuffs minus;18776;7
8;false;hmph within rigidly;2024-12-16T07:10:49;meh aboard louse;2024-12-17T00:28:22;that pish;aw whoa;29114;8
9;false;ick often;2024-12-16T09:00:54;yahoo actually;2024-12-16T23:53:21;federate under relieve;because give enlightened;12513;9
10;false;as woot reconstitute;2024-12-16T12:21:29;behind crest barring;2024-12-16T11:41:43;ack miscalculate tomorrow;till phew;14612;10
