id;deleted;insert_by;insert_date;edit_by;edit_date;user_id;name;message;read_date
1;true;unless;2024-12-22T09:57:42;overheard;2024-12-21T21:02:33;whoa;likewise qualified deliberately;wing after;2024-12-21T18:46:14
2;false;orderly;2024-12-21T22:26:14;meanwhile evince;2024-12-22T09:38:22;fork kindheartedly ew;colorfully putrid;yet;2024-12-21T17:13:23
3;true;ick;2024-12-21T22:59:56;anenst;2024-12-22T09:19:49;heartfelt;although per;barring pry;2024-12-21T20:07:44
4;true;austere along though;2024-12-21T18:02:54;ownership upwardly yippee;2024-12-22T09:56:36;near fairly after;belabor;ghost couch;2024-12-22T11:06:28
5;false;shinny;2024-12-21T22:52:06;er honestly develop;2024-12-22T08:13:49;hence hotfoot how;immediate achieve;ack;2024-12-21T21:06:27
6;false;oh guard;2024-12-22T00:06:52;zowie;2024-12-22T02:09:41;phooey deceivingly physically;breed what youthfully;commercial;2024-12-22T12:58:21
7;true;which;2024-12-22T12:21:08;whoever;2024-12-21T17:30:13;enhance blaspheme;um openly yippee;aw;2024-12-21T17:14:27
8;true;shrilly;2024-12-22T13:49:43;helpfully;2024-12-22T00:47:25;gracefully;around;generally major where;2024-12-22T11:42:58
9;true;clinch misguided likewise;2024-12-21T19:42:44;partial provided;2024-12-21T22:12:26;reboot concerning unless;never powerfully;nougat er fooey;2024-12-22T06:02:58
10;false;fond;2024-12-22T07:13:22;meh frugal till;2024-12-21T20:19:32;woot boohoo;investigate dishonor;loyally;2024-12-21T20:34:07
