id;deleted;insert_by;insert_date;edit_by;edit_date;description;instrument_id;media_id
1;false;amongst;2024-12-21T19:15:33;whenever saw ah;2024-12-22T02:45:45;though nifty abaft;1;1
2;false;even;2024-12-22T14:29:48;woot oof phony;2024-12-22T10:25:52;ew;2;2
3;false;knavishly overspend;2024-12-21T21:43:12;director pace than;2024-12-21T23:06:05;solidly veto tricky;3;3
4;true;descendant after;2024-12-22T03:41:39;ack surface;2024-12-22T01:40:21;splosh;4;4
5;false;uproot;2024-12-22T03:31:32;unhappy outrageous pillory;2024-12-22T00:28:12;thorny following bravely;5;5
6;true;upon pry;2024-12-22T15:00:50;gosh table peaceful;2024-12-22T03:52:51;ew calculating;6;6
7;false;jaggedly longingly winged;2024-12-22T09:04:32;validity norm;2024-12-22T11:05:04;courageous;7;7
8;false;below battle;2024-12-22T11:53:56;phew;2024-12-22T00:02:59;watery embed appertain;8;8
9;true;judgementally finally whenever;2024-12-22T12:34:11;emotional yum slipper;2024-12-21T20:04:48;oof;9;9
10;true;paralyse;2024-12-22T00:59:41;off ruddy;2024-12-22T08:34:54;ouch wring;10;10
