id;deleted;insert_by;insert_date;edit_by;edit_date;name;description;type;content_type;path;order_number;media_id
1;false;before;2024-12-16T04:27:53;inwardly conservative;2024-12-16T23:17:12;fooey knit elliptical;shameless oil vista;VIDEO;verbally;briefly aside including;21721;1
2;true;failing;2024-12-16T14:43:57;trench woot upwardly;2024-12-16T09:39:06;absent;pace sharply responsible;IMAGE;french;before;609;2
3;false;sushi so;2024-12-16T20:11:36;cannibalise;2024-12-17T00:09:04;separately regulate never;allegation circa;PDF;verify;culminate joyfully because;2120;3
4;true;homeschool past;2024-12-16T04:15:19;sharply lustrous geez;2024-12-16T08:12:14;help humidity reconsideration;near cruel;PDF;confused;bend;18072;4
5;false;meh deeply trolley;2024-12-16T01:52:42;coliseum;2024-12-16T03:15:07;although;gleefully owlishly;AUDIO;since quietly er;correctly;5609;5
6;true;hence duh lovingly;2024-12-16T03:57:44;mockingly gladly psst;2024-12-16T02:04:09;disapprove vet;fleck after;VIDEO;what mid;fooey;7833;6
7;true;what;2024-12-16T06:14:37;pause gah;2024-12-16T20:18:53;especially blah while;slump pish;VIDEO;irk gah;uh-huh abnegate;12184;7
8;true;lamp lend ick;2024-12-16T00:51:20;which how cinema;2024-12-16T02:37:58;custody amidst esteemed;upbeat;PDF;yearningly without fully;toward fooey;16856;8
9;false;mid nor what;2024-12-16T10:14:31;ha with;2024-12-16T04:02:50;duh bog flash;beside loudly;VIDEO;roughly;lest almighty;25300;9
10;false;fragrant however but;2024-12-16T04:05:25;miserably;2024-12-16T11:30:46;like furthermore;unfreeze lest starboard;IMAGE;experience;whine vein hm;2089;10
