id;deleted;insert_by;insert_date;edit_by;edit_date;name;description;composer;arranger
1;true;versus;2024-12-16T12:40:56;mmm unzip;2024-12-16T16:42:01;suffice;or;knuckle till;accurate positively
2;false;furthermore overfeed;2024-12-16T20:22:25;help once meanwhile;2024-12-16T17:15:50;categorise aboard astride;massive untrue up;aggravating management;outside lest
3;false;enhance pfft achieve;2024-12-16T11:28:49;gah amid;2024-12-16T14:31:44;playfully;always sauerkraut;considering abaft superior;where editor over
4;true;gee;2024-12-16T01:17:40;round that excited;2024-12-16T21:49:32;alert ouch;smog if intently;sup reel unblinking;worse aw
5;true;after peaceful;2024-12-16T03:55:34;oh;2024-12-16T23:27:51;supposing hm pish;aboard yuck;gazebo;yet
6;false;boohoo;2024-12-16T19:35:49;spherical palatable;2024-12-16T18:27:56;righteously doodle;immediately where apparatus;anti;or phooey notwithstanding
7;true;nor gah;2024-12-16T11:47:44;carefully;2024-12-16T03:51:23;adolescent;restructure apud;bolster for;beside into heavy
8;true;brief wilderness heavily;2024-12-16T11:10:25;briskly phew pinion;2024-12-16T02:27:46;awkwardly;backburn busy;bliss jealous cruelly;bowling massive
9;true;who about;2024-12-16T01:59:54;hm across;2024-12-16T23:23:00;hence under submissive;following;swiftly;magnificent
10;true;major till;2024-12-16T11:45:11;playfully obnoxiously;2024-12-16T23:00:12;giant despite mispronounce;bloom worldly pupil;obvious or;shadowbox passport
